{
  "Beef": [
    357.0,
    224.0,
    312.0,
    281.0,
    185.0,
    185.0,
    540.0,
    432.0,
    277.0,
    1242.0,
    668.0,
    171.0,
    163.0,
    1061.0,
    372.0,
    359.0,
    516.0,
    539.0,
    227.0,
    124.0,
    86.0,
    81.0,
    286.0,
    743.0,
    66.0,
    1972.0,
    882.0,
    272.0,
    131.0,
    58.0,
    642.0,
    113.0,
    600.0,
    509.0,
    243.0,
    263.0,
    317.0,
    499.0,
    210.0,
    218.0,
    127.0,
    119.0,
    212.0,
    199.0,
    147.0,
    289.0,
    139.0,
    228.0,
    361.0,
    375.0,
    220.0,
    66.0,
    65.0,
    64.0,
    63.0,
    63.0,
    70.0,
    63.0,
    71.0,
    64.0,
    69.0,
    63.0,
    70.0,
    70.0,
    70.0,
    57.0,
    87.0,
    104.0,
    66.0,
    96.0,
    118.0,
    121.0,
    77.0,
    83.0,
    151.0,
    126.0,
    100.0,
    108.0,
    49.0,
    57.0,
    99.0,
    64.0,
    89.0,
    173.0,
    108.0,
    75.0,
    96.0,
    76.0,
    88.0,
    83.0,
    102.0,
    150.0,
    131.0,
    161.0,
    202.0,
    132.0,
    713.0,
    380.0,
    154.0,
    105.0,
    333.0,
    250.0,
    213.0,
    192.0,
    234.0,
    212.0
  ],
  "Coffee": [
    8.395695191,
    11.87623247,
    15.84131518,
    20.44908626,
    20.89266731,
    23.00900939,
    21.32728778,
    16.2211336,
    13.95546439,
    22.06707807,
    16.04878405,
    15.13171068,
    10.69918937,
    40.05450025,
    230.0721565,
    194.1387635,
    177.8695361,
    97.02136063,
    22.53452003,
    16.54878815,
    19.25677166,
    14.91721748,
    34.96034477,
    28.71700192,
    15.42060672,
    22.14926942,
    11.45971836,
    9.584055249
  ],
  "Maize": [
    28.9,
    2.2,
    1.8,
    3.4,
    1.7,
    2.7,
    5.3,
    1.3,
    1.2,
    4.4,
    4.9,
    12.0,
    5.6,
    18.1,
    1.5,
    2.3,
    2.4,
    2.1,
    1.9,
    17.5,
    1.1,
    1.5,
    2.4,
    0.9,
    2.3,
    1.0,
    1.1,
    1.6,
    1.6,
    4.6,
    4.3,
    1.0,
    1.0,
    9.2,
    18.3,
    2.4,
    1.0,
    0.8,
    1.0,
    0.5,
    4.8,
    7.6,
    11.8,
    3.9,
    1.4,
    1.0,
    5.3,
    12.4,
    8.2,
    1.3,
    1.4,
    1.8,
    1.8,
    1.8,
    1.7,
    2.3,
    1.6,
    2.7,
    1.8,
    2.3,
    2.1,
    16.7,
    1.5,
    2.2,
    6.1,
    1.8,
    3.3,
    1.2,
    1.4,
    1.0,
    0.8,
    0.7,
    0.7,
    9.4,
    2.4,
    12.7,
    6.6,
    10.1,
    4.6,
    3.4,
    10.1,
    14.7,
    28.4,
    7.6,
    7.9,
    16.4,
    3.0,
    3.8,
    1.8,
    2.5,
    1.4,
    1.5,
    2.0,
    2.0,
    4.5,
    3.0,
    4.5,
    7.1,
    11.5,
    2.6,
    13.5,
    1.3,
    12.9,
    5.0,
    7.2,
    3.6,
    1.7,
    1.9,
    2.0,
    1.6,
    1.9,
    2.4,
    4.0,
    20.1,
    7.1,
    2.6,
    2.1,
    5.7,
    1.8,
    9.7,
    8.6,
    6.9,
    7.1,
    3.7,
    1.2,
    2.1,
    1.6,
    1.8,
    1.7,
    2.1,
    2.4,
    1.0,
    1.8,
    2.1,
    1.4,
    1.5,
    2.1,
    2.4,
    1.5,
    3.1,
    1.4,
    2.2,
    1.8,
    1.8,
    1.8,
    4.3,
    4.3,
    2.1,
    1.4,
    12.3,
    22.5,
    27.2
  ],
  "Palm Oil": [
    2.3,
    4.7,
    2.4,
    3.2,
    1.7,
    2.3,
    1.4,
    2.8,
    2.6,
    2.4,
    2.4,
    2.8,
    2.6,
    3.3,
    3.0,
    2.9,
    2.7,
    2.8,
    2.6,
    2.0,
    2.8,
    2.3,
    3.3,
    2.0,
    2.3,
    3.8,
    2.0,
    1.8,
    2.5,
    2.1
  ],
  "Poultry Meat": [
    27.0,
    28.0,
    38.0,
    62.0,
    50.0,
    6.5,
    7.2,
    14.0,
    11.0,
    12.0,
    11.0,
    14.0,
    9.2,
    54.0,
    15.0,
    14.0,
    15.0,
    13.0,
    7.2,
    11.0,
    23.0,
    11.0,
    11.0,
    15.0,
    7.2,
    11.0,
    16.0,
    16.0,
    9.1,
    10.0,
    7.1,
    7.5,
    20.0,
    16.0,
    11.0,
    6.4,
    9.0,
    15.0,
    12.0,
    15.0,
    53.0,
    19.0,
    17.0,
    18.0,
    15.0,
    18.0
  ],
  "Roundwood": [
    0.0459,
    0.569,
    0.2662,
    0.1,
    0.1,
    0.1,
    0.1667,
    0.1667,
    0.1667,
    0.05499,
    0.1188,
    0.0222,
    0.324,
    0.324,
    0.324,
    0.0877,
    0.142,
    0.07107,
    0.0222,
    0.0222
  ],
  "Salmon": [
    2.0,
    4.2,
    4.3,
    6.6,
    10.0
  ],
  "Shrimp": [
    2.4,
    2.3,
    0.3,
    0.1,
    1.4,
    1.9,
    25.0,
    25.0,
    14.0,
    15.0,
    2.6,
    5.2,
    0.6,
    0.7,
    1.0,
    0.8,
    0.6,
    0.4,
    0.6,
    7.737
  ],
  "Soybeans": [
    1.8,
    7.8,
    10.1,
    11.7,
    10.4,
    2.1,
    1.0,
    2.3,
    9.1,
    9.5,
    11.2,
    9.9,
    4.4,
    4.9,
    12.5,
    5.5,
    9.0,
    4.4,
    7.0,
    6.0,
    4.5,
    11.5,
    10.8,
    10.8,
    1.8,
    9.0,
    14.3,
    12.1,
    13.6,
    26.1,
    1.7,
    5.6,
    5.2,
    5.4,
    5.4,
    26.1,
    7.8,
    8.3,
    19.6,
    2.1,
    15.2,
    11.6,
    13.6,
    10.9,
    13.0,
    11.1,
    11.1,
    14.3,
    14.5
  ]
}