{
  "Beef": [13.783783783783784, 8.64864864864865, 12.046332046332047, 10.849420849420849, 7.142857142857143, 7.142857142857143, 20.84942084942085, 16.679536679536678, 10.694980694980694, 47.95366795366795, 25.79150579150579, 6.602316602316602, 6.293436293436294, 40.965250965250966, 14.362934362934363, 13.86100386100386, 19.922779922779924, 20.81081081081081, 8.764478764478765, 4.787644787644788, 3.3204633204633205, 3.1274131274131274, 11.042471042471043, 28.687258687258687, 2.548262548262548, 76.13899613899613, 34.054054054054056, 10.501930501930502, 5.057915057915058, 2.2393822393822393, 24.787644787644787, 4.362934362934363, 23.166023166023166, 19.652509652509654, 9.382239382239382, 10.154440154440154, 12.23938223938224, 19.266409266409266, 8.108108108108109, 8.416988416988417, 4.903474903474904, 4.594594594594595, 8.185328185328185, 7.683397683397684, 5.675675675675675, 11.158301158301159, 5.366795366795367, 8.803088803088803, 13.938223938223938, 14.478764478764479, 8.494208494208495, 2.548262548262548, 2.5096525096525095, 2.471042471042471, 2.4324324324324325, 2.4324324324324325, 2.7027027027027026, 2.4324324324324325, 2.741312741312741, 2.471042471042471, 2.664092664092664, 2.4324324324324325, 2.7027027027027026, 2.7027027027027026, 2.7027027027027026, 2.200772200772201, 3.359073359073359, 4.015444015444015, 2.548262548262548, 3.7065637065637067, 4.555984555984556, 4.671814671814672, 2.972972972972973, 3.2046332046332044, 5.8301158301158305, 4.864864864864865, 3.861003861003861, 4.1698841698841695, 1.8918918918918919, 2.200772200772201, 3.8223938223938223, 2.471042471042471, 3.436293436293436, 6.67953667953668, 4.1698841698841695, 2.8957528957528957, 3.7065637065637067, 2.9343629343629343, 3.3976833976833976, 3.2046332046332044, 3.9382239382239383, 5.7915057915057915, 5.057915057915058, 6.216216216216216, 7.7992277992278, 5.096525096525096, 27.52895752895753, 14.671814671814673, 5.945945945945946, 4.054054054054054, 12.857142857142858, 9.652509652509652, 8.223938223938225, 7.413127413127413, 9.034749034749035, 8.185328185328185],
  "Poultry Meat": [2.347826086956522, 2.4347826086956523, 3.3043478260869565, 5.391304347826087, 4.3478260869565215, 0.5652173913043478, 0.6260869565217392, 1.2173913043478262, 0.9565217391304348, 1.0434782608695652, 0.9565217391304348, 1.2173913043478262, 0.8, 4.695652173913044, 1.3043478260869565, 1.2173913043478262, 1.3043478260869565, 1.1304347826086956, 0.6260869565217392, 0.9565217391304348, 2.0, 0.9565217391304348, 0.9565217391304348, 1.3043478260869565, 0.6260869565217392, 0.9565217391304348, 1.391304347826087, 1.391304347826087, 0.7913043478260869, 0.8695652173913043, 0.6173913043478261, 0.6521739130434783, 1.7391304347826086, 1.391304347826087, 0.9565217391304348, 0.5565217391304348, 0.782608695652174, 1.3043478260869565, 1.0434782608695652, 1.3043478260869565, 4.608695652173913, 1.6521739130434783, 1.4782608695652173, 1.565217391304348, 1.3043478260869565, 1.565217391304348],
  "Salmon": [0.09900990099009901, 0.2079207920792079, 0.21287128712871287, 0.32673267326732675, 0.49504950495049505],
  "Shrimp": [0.1, 0.09583333333333334, 0.0125, 0.004166666666666667, 0.058333333333333334, 0.07916666666666666, 1.0416666666666667, 1.0416666666666667, 0.5833333333333334, 0.625, 0.10833333333333334, 0.21666666666666667, 0.025, 0.029166666666666667, 0.041666666666666664, 0.03333333333333333, 0.025, 0.016666666666666666, 0.025, 0.322375],
  "Soybeans": [0.2222222222222222, 0.9629629629629629, 1.2469135802469136, 1.4444444444444444, 1.2839506172839505, 0.25925925925925924, 0.12345679012345678, 0.2839506172839506, 1.123456790123457, 1.1728395061728396, 1.382716049382716, 1.2222222222222223, 0.5432098765432098, 0.6049382716049383, 1.5432098765432098, 0.6790123456790124, 1.1111111111111112, 0.5432098765432098, 0.8641975308641975, 0.7407407407407407, 0.5555555555555556, 1.4197530864197532, 1.3333333333333333, 1.3333333333333333, 0.2222222222222222, 1.1111111111111112, 1.7654320987654322, 1.4938271604938271, 1.6790123456790123, 3.2222222222222223, 0.20987654320987653, 0.691358024691358, 0.6419753086419753, 0.6666666666666666, 0.6666666666666666, 3.2222222222222223, 0.9629629629629629, 1.0246913580246915, 2.419753086419753, 0.25925925925925924, 1.876543209876543, 1.4320987654320987, 1.6790123456790123, 1.345679012345679, 1.6049382716049383, 1.3703703703703705, 1.3703703703703705, 1.7654320987654322, 1.7901234567901234]
}
